{"cameraMode":{"drawMode":0,"name":"Shaded","section":"Shading Mode"},"sceneLighting":true,"audioPlay":false,"sceneViewState":{"m_AlwaysRefresh":false,"showFog":true,"showSkybox":true,"showFlares":true,"showImageEffects":true,"showParticleSystems":true,"showVisualEffectGraphs":true,"m_FxEnabled":true},"in2DMode":false,"pivot":{"x":1032.02197265625,"y":434.6677551269531,"z":-52.7159423828125},"rotation":{"x":-0.0003091729595325887,"y":0.002411638619378209,"z":0.0000016641724869259634,"w":-1.0000176429748536},"size":540.6687622070313,"orthographic":false}