{"cameraMode":{"drawMode":0,"name":"Shaded","section":"Shading Mode"},"sceneLighting":true,"audioPlay":false,"sceneViewState":{"m_AlwaysRefresh":false,"showFog":true,"showSkybox":true,"showFlares":true,"showImageEffects":true,"showParticleSystems":true,"showVisualEffectGraphs":true,"m_FxEnabled":true},"in2DMode":false,"pivot":{"x":1328.7413330078125,"y":535.6433715820313,"z":13.355026245117188},"rotation":{"x":-0.01531003788113594,"y":0.0009104243945330381,"z":-0.00010968282003886998,"w":-0.9999322891235352},"size":578.2152709960938,"orthographic":false}