{"cameraMode":{"drawMode":0,"name":"Shaded","section":"Shading Mode"},"sceneLighting":true,"audioPlay":false,"sceneViewState":{"m_AlwaysRefresh":false,"showFog":true,"showSkybox":true,"showFlares":true,"showImageEffects":true,"showParticleSystems":true,"showVisualEffectGraphs":true,"m_FxEnabled":true},"in2DMode":false,"pivot":{"x":1012.1198120117188,"y":554.1139526367188,"z":184.087158203125},"rotation":{"x":0.01680758222937584,"y":0.013494186103343964,"z":-0.00020981721172574908,"w":0.9997915625572205},"size":763.6961059570313,"orthographic":false}