{"cameraMode":{"drawMode":0,"name":"Shaded","section":"Shading Mode"},"sceneLighting":true,"audioPlay":false,"sceneViewState":{"m_AlwaysRefresh":false,"showFog":true,"showSkybox":true,"showFlares":true,"showImageEffects":true,"showParticleSystems":true,"showVisualEffectGraphs":true,"m_FxEnabled":true},"in2DMode":false,"pivot":{"x":968.4505615234375,"y":613.777099609375,"z":2.51141357421875},"rotation":{"x":-0.00030917234835214913,"y":0.0024116304703056814,"z":0.0000016863647260834114,"w":-1.0000182390213013},"size":562.1947021484375,"orthographic":false}