{"cameraMode":{"drawMode":0,"name":"Shaded","section":"Shading Mode"},"sceneLighting":true,"audioPlay":false,"sceneViewState":{"m_AlwaysRefresh":false,"showFog":true,"showSkybox":true,"showFlares":true,"showImageEffects":true,"showParticleSystems":true,"showVisualEffectGraphs":true,"m_FxEnabled":true},"in2DMode":false,"pivot":{"x":986.279052734375,"y":543.489501953125,"z":-272.401611328125},"rotation":{"x":-0.0003091729595325887,"y":0.002411638619378209,"z":0.0000016641724869259634,"w":-1.0000176429748536},"size":367.4508361816406,"orthographic":false}