{"cameraMode":{"drawMode":0,"name":"Shaded","section":"Shading Mode"},"sceneLighting":false,"audioPlay":false,"sceneViewState":{"m_AlwaysRefresh":false,"showFog":true,"showSkybox":false,"showFlares":true,"showImageEffects":true,"showParticleSystems":true,"showVisualEffectGraphs":true,"m_FxEnabled":true},"in2DMode":false,"pivot":{"x":484.5531005859375,"y":319.2259826660156,"z":190.2587890625},"rotation":{"x":0.001809229957871139,"y":-0.007504379842430353,"z":0.00001808907836675644,"w":0.9999903440475464},"size":286.4253845214844,"orthographic":false}