{"cameraMode":{"drawMode":0,"name":"Shaded","section":"Shading Mode"},"sceneLighting":false,"audioPlay":false,"sceneViewState":{"m_AlwaysRefresh":false,"showFog":true,"showSkybox":false,"showFlares":true,"showImageEffects":true,"showParticleSystems":true,"showVisualEffectGraphs":true,"m_FxEnabled":true},"in2DMode":false,"pivot":{"x":-14.961316108703614,"y":-120.44395446777344,"z":0.2205810546875},"rotation":{"x":0.0018092934042215348,"y":-0.0015038539422675968,"z":0.000005471481472341111,"w":1.0000156164169312},"size":173.37640380859376,"orthographic":false}